{"cameraMode":{"drawMode":0,"name":"Shaded","section":"Shading Mode"},"sceneLighting":false,"audioPlay":false,"sceneViewState":{"m_AlwaysRefresh":false,"showFog":true,"showSkybox":false,"showFlares":true,"showImageEffects":true,"showParticleSystems":true,"showVisualEffectGraphs":true,"m_FxEnabled":true},"in2DMode":false,"pivot":{"x":-5.960464477539063e-8,"y":0.05050259828567505,"z":0.06105244159698486},"rotation":{"x":0.49393483996391299,"y":-0.08450940251350403,"z":0.04833002761006355,"w":0.8640623688697815},"size":1.3736778497695923,"orthographic":false}