{"cameraMode":{"drawMode":0,"name":"Shaded","section":"Shading Mode"},"sceneLighting":true,"audioPlay":false,"sceneViewState":{"m_AlwaysRefresh":false,"showFog":true,"showSkybox":true,"showFlares":true,"showImageEffects":true,"showParticleSystems":true,"showVisualEffectGraphs":true,"m_FxEnabled":true},"in2DMode":false,"pivot":{"x":-4.373754501342773,"y":0.22485589981079102,"z":-4.595538139343262},"rotation":{"x":0.3546193540096283,"y":0.1546575278043747,"z":-0.059571292251348498,"w":0.9202532768249512},"size":7.3628129959106449,"orthographic":true}