{"cameraMode":{"drawMode":0,"name":"Shaded","section":"Shading Mode"},"sceneLighting":true,"audioPlay":false,"sceneViewState":{"m_AlwaysRefresh":false,"showFog":true,"showSkybox":true,"showFlares":true,"showImageEffects":true,"showParticleSystems":true,"showVisualEffectGraphs":true,"m_FxEnabled":true},"in2DMode":false,"pivot":{"x":0.5760470032691956,"y":-0.8364310264587402,"z":-1.8909821510314942},"rotation":{"x":0.6690521836280823,"y":-0.06876962631940842,"z":0.06242268532514572,"w":0.7374489903450012},"size":5.295543670654297,"orthographic":true}