{"cameraMode":{"drawMode":0,"name":"Shaded","section":"Shading Mode"},"sceneLighting":false,"audioPlay":false,"sceneViewState":{"m_AlwaysRefresh":false,"showFog":true,"showSkybox":false,"showFlares":true,"showImageEffects":true,"showParticleSystems":true,"showVisualEffectGraphs":true,"m_FxEnabled":true},"in2DMode":false,"pivot":{"x":-0.6614975929260254,"y":0.27096331119537356,"z":0.7855255603790283},"rotation":{"x":0.19269338250160218,"y":0.20437867939472199,"z":-0.0410429909825325,"w":0.9588813185691834},"size":2.4920780658721926,"orthographic":false}